                  epoch,         train/box_loss,         train/cls_loss,         train/dfl_loss,   metrics/precision(B),      metrics/recall(B),       metrics/mAP50(B),    metrics/mAP50-95(B),           val/box_loss,           val/cls_loss,           val/dfl_loss,                 lr/pg0,                 lr/pg1,                 lr/pg2
                      1,                 1.2709,                 2.1549,                 1.3574,                      1,                0.46004,                0.81727,                0.64225,                0.67932,                 2.1128,                0.98387,                0.00062,                0.00062,                0.00062
                      2,                 1.2485,                 1.5035,                  1.303,                0.54212,                0.40909,                0.39746,                0.22557,                 1.0893,                 2.3229,                 1.5261,              0.0012538,              0.0012538,              0.0012538
                      3,                 1.2453,                 1.4601,                 1.2961,                0.40104,                0.43939,                 0.3655,                0.21511,                 1.3461,                 2.4335,                  1.813,              0.0018812,              0.0018812,              0.0018812
                      4,                 1.2817,                 1.3262,                 1.3218,                0.63243,                0.51515,                 0.6228,                0.42317,                 1.0814,                 2.2283,                 1.2531,              0.0019703,              0.0019703,              0.0019703
                      5,                 1.2336,                 1.2305,                  1.279,                0.61396,                0.75758,                0.71381,                0.50862,                 0.9251,                 1.5614,                 1.3113,              0.0019703,              0.0019703,              0.0019703
                      6,                 1.2284,                 1.1968,                 1.2492,                0.69659,                0.83488,                0.81679,                0.60385,                0.79193,                 1.2564,                 1.1159,              0.0019604,              0.0019604,              0.0019604
                      7,                 1.2211,                 1.1637,                 1.2715,                0.56232,                0.68182,                0.60043,                0.33478,                 1.1043,                 1.4943,                 1.5221,              0.0019505,              0.0019505,              0.0019505
                      8,                 1.1668,                 1.0567,                 1.2331,                0.72048,                0.68182,                0.77394,                0.54822,                0.87696,                 1.5111,                 1.2441,              0.0019406,              0.0019406,              0.0019406
                      9,                 1.1638,                 1.0125,                 1.2027,                0.87001,                0.81133,                0.86996,                0.68201,                0.78086,                 1.1109,                 1.0591,              0.0019307,              0.0019307,              0.0019307
                     10,                 1.1104,                0.95644,                 1.1974,                 0.8821,                0.83333,                0.92512,                0.73858,                 0.6985,                0.84264,                  1.071,              0.0019208,              0.0019208,              0.0019208
                     11,                 1.1144,                0.95988,                 1.1945,                0.96928,                0.95618,                0.98376,                0.81433,                 0.6207,                0.64561,                 1.0082,              0.0019109,              0.0019109,              0.0019109
                     12,                 1.1023,                0.92536,                  1.191,                0.95162,                0.98485,                0.98353,                0.79092,                0.65905,                0.55769,                 1.0087,               0.001901,               0.001901,               0.001901
                     13,                 1.0942,                0.87754,                 1.1848,                0.90719,                0.88864,                0.95897,                0.78323,                0.65156,                 0.6373,                0.97771,              0.0018911,              0.0018911,              0.0018911
                     14,                 1.0844,                0.85571,                 1.1805,                0.78887,                0.73603,                 0.8049,                0.62703,                0.71978,                 1.0697,                  1.055,              0.0018812,              0.0018812,              0.0018812
                     15,                 1.0732,                0.82781,                 1.1569,                0.77542,                0.74242,                 0.8267,                0.66107,                0.70465,                0.85884,                  1.085,              0.0018713,              0.0018713,              0.0018713
                     16,                 1.0537,                0.83217,                 1.1624,                0.78567,                0.87879,                0.92411,                0.76931,                0.56942,                 0.6625,                 1.0028,              0.0018614,              0.0018614,              0.0018614
                     17,                 1.0644,                0.81267,                 1.1473,                0.87048,                0.75758,                 0.8536,                0.69346,                 0.6873,                0.75802,                 1.0448,              0.0018515,              0.0018515,              0.0018515
                     18,                 1.0609,                0.76854,                 1.1417,                0.95955,                0.93939,                0.98927,                0.84224,                0.59132,                0.48106,                0.98024,              0.0018416,              0.0018416,              0.0018416
                     19,                 1.0685,                 0.7777,                 1.1508,                0.88324,                0.84848,                0.93649,                0.74977,                0.66421,                 0.6439,                 1.0247,              0.0018317,              0.0018317,              0.0018317
                     20,                 1.0044,                0.73095,                 1.1383,                0.87449,                0.93939,                0.95422,                0.80968,                0.60395,                 0.5714,                 1.0025,              0.0018218,              0.0018218,              0.0018218
                     21,                 1.0556,                0.75263,                 1.1503,                0.88208,                0.90909,                0.95142,                0.81322,                0.61389,                0.61307,                 1.0054,              0.0018119,              0.0018119,              0.0018119
                     22,                 1.0081,                0.70945,                 1.1139,                 0.9384,                0.92325,                0.95854,                0.83008,                0.56792,                0.50907,                0.96024,               0.001802,               0.001802,               0.001802
                     23,                 1.0102,                0.73518,                 1.1337,                0.82258,                0.84848,                0.87984,                 0.7612,                0.61305,                0.72035,                0.98583,              0.0017921,              0.0017921,              0.0017921
                     24,                 1.0137,                  0.699,                  1.116,                0.97362,                0.84848,                0.93908,                0.78675,                0.67032,                   0.56,                 1.0312,              0.0017822,              0.0017822,              0.0017822
                     25,                 1.0002,                0.68658,                 1.1136,                 0.8662,                0.78473,                0.86865,                0.67989,                0.70383,                0.68216,                 1.0587,              0.0017723,              0.0017723,              0.0017723
                     26,                0.99821,                0.68723,                 1.1298,                0.95299,                0.92149,                0.96468,                 0.8014,                0.61009,                0.49804,                0.97636,              0.0017624,              0.0017624,              0.0017624
                     27,                0.97807,                0.65632,                  1.101,                0.93413,                0.92424,                0.96951,                0.81283,                0.59742,                0.49872,                0.98227,              0.0017525,              0.0017525,              0.0017525
                     28,                0.96335,                0.64826,                 1.0994,                0.94713,                0.81427,                0.92504,                0.73887,                0.71347,                0.73807,                 1.0949,              0.0017426,              0.0017426,              0.0017426
                     29,                0.98083,                0.66637,                 1.1174,                0.91426,                0.96942,                0.97972,                0.80315,                0.61276,                0.53463,                 1.0046,              0.0017327,              0.0017327,              0.0017327
                     30,                0.96777,                0.65172,                 1.0959,                0.98004,                0.93939,                0.97578,                0.84423,                0.56541,                0.45854,                0.99368,              0.0017228,              0.0017228,              0.0017228
                     31,                0.96993,                 0.6499,                 1.0888,                0.90473,                0.84848,                0.95465,                0.79244,                0.61498,                0.58784,                0.99445,              0.0017129,              0.0017129,              0.0017129
                     32,                0.97295,                0.61895,                 1.1033,                0.98386,                0.92348,                0.98387,                0.86114,                0.53085,                0.52328,                0.91442,               0.001703,               0.001703,               0.001703
                     33,                0.96494,                0.65496,                 1.0948,                0.90797,                0.93939,                0.98145,                0.85903,                0.52833,                0.50073,                0.91178,              0.0016931,              0.0016931,              0.0016931
                     34,                0.96129,                0.64634,                 1.1013,                0.94068,                0.96118,                0.97254,                0.82527,                0.57202,                0.43797,                0.95644,              0.0016832,              0.0016832,              0.0016832
                     35,                0.97681,                0.64777,                 1.1006,                0.93977,                0.94567,                0.98502,                 0.8269,                0.58987,                 0.4837,                0.97568,              0.0016733,              0.0016733,              0.0016733
                     36,                0.91692,                0.60198,                 1.0683,                0.94092,                0.96532,                0.97807,                0.83213,                 0.5534,                0.41429,                0.95732,              0.0016634,              0.0016634,              0.0016634
                     37,                0.96469,                0.59733,                  1.077,                0.94911,                0.84778,                0.95256,                 0.8283,                0.52994,                0.50299,                0.95384,              0.0016535,              0.0016535,              0.0016535
                     38,                0.94059,                0.58403,                 1.0791,                0.97169,                0.90909,                0.96918,                0.83266,                0.54498,                0.46525,                0.94189,              0.0016436,              0.0016436,              0.0016436
                     39,                0.87817,                0.57246,                 1.0663,                0.96683,                0.88328,                 0.9732,                0.84734,                0.54985,                0.49931,                0.93591,              0.0016337,              0.0016337,              0.0016337
                     40,                0.90074,                0.57979,                 1.0683,                 0.9798,                0.89394,                0.94925,                0.81985,                0.54552,                0.48061,                0.93072,              0.0016238,              0.0016238,              0.0016238
                     41,                0.90306,                0.58031,                 1.0731,                0.92011,                0.86364,                0.94411,                 0.8064,                0.57452,                0.47708,                0.96645,              0.0016139,              0.0016139,              0.0016139
                     42,                0.91275,                0.56447,                  1.061,                0.98428,                0.94875,                 0.9876,                0.86175,                0.50122,                0.42327,                0.92283,               0.001604,               0.001604,               0.001604
                     43,                 0.9538,                0.60289,                  1.069,                0.89987,                0.95318,                0.96683,                0.82438,                0.57439,                0.47771,                 0.9564,              0.0015941,              0.0015941,              0.0015941
                     44,                0.93342,                0.57725,                 1.0703,                0.91266,                0.95001,                0.97002,                0.82509,                0.53927,                0.43144,                0.92964,              0.0015842,              0.0015842,              0.0015842
                     45,                0.89209,                0.55646,                 1.0561,                 0.9274,                0.93939,                0.97155,                0.87225,                0.49856,                0.54265,                 0.9218,              0.0015743,              0.0015743,              0.0015743
                     46,                0.87874,                0.54738,                 1.0551,                0.78584,                0.89394,                0.91062,                0.71905,                 0.6481,                0.58167,                 1.0023,              0.0015644,              0.0015644,              0.0015644
                     47,                 0.9118,                  0.567,                 1.0511,                0.95316,                0.92508,                0.98299,                0.85405,                0.52356,                0.44455,                0.91793,              0.0015545,              0.0015545,              0.0015545
                     48,                0.88955,                0.53897,                 1.0534,                0.96587,                 0.9697,                0.98981,                0.88395,                0.49989,                0.37598,                0.91589,              0.0015446,              0.0015446,              0.0015446
                     49,                 0.8782,                0.53199,                 1.0436,                0.92744,                      1,                0.99022,                0.85933,                0.52312,                0.39395,                0.91412,              0.0015347,              0.0015347,              0.0015347
                     50,                0.91411,                0.55385,                 1.0644,                0.97015,                0.95455,                0.99038,                0.86032,                0.53394,                0.40524,                 0.9135,              0.0015248,              0.0015248,              0.0015248
                     51,                0.85933,                0.52337,                 1.0415,                 0.9571,                0.92424,                0.97934,                 0.8489,                0.52372,                0.45183,                0.92459,              0.0015149,              0.0015149,              0.0015149
                     52,                0.89453,                0.54584,                 1.0493,                0.92179,                0.87879,                0.95914,                0.82399,                0.54481,                0.46191,                0.94528,               0.001505,               0.001505,               0.001505
                     53,                0.86309,                0.54922,                 1.0495,                0.95049,                0.83333,                0.95168,                0.83251,                0.52233,                0.46571,                0.90189,              0.0014951,              0.0014951,              0.0014951
                     54,                0.84512,                0.50996,                 1.0317,                0.89469,                0.90909,                0.95974,                0.81396,                0.54575,                0.45987,                0.96166,              0.0014852,              0.0014852,              0.0014852
                     55,                0.87145,                0.51774,                 1.0428,                0.90458,                0.87879,                 0.9242,                0.77704,                0.62441,                0.46944,                0.98421,              0.0014753,              0.0014753,              0.0014753
                     56,                0.84399,                0.50449,                 1.0335,                0.84809,                0.93939,                0.95252,                0.82393,                 0.5113,                0.42021,                0.92147,              0.0014654,              0.0014654,              0.0014654
                     57,                0.81095,                0.48353,                  1.044,                0.92736,                0.98485,                0.98472,                0.87673,                0.49403,                0.36468,                0.90151,              0.0014555,              0.0014555,              0.0014555
                     58,                0.84043,                0.50356,                 1.0413,                0.96926,                 0.9697,                0.97142,                0.83238,                0.50789,                0.35673,                0.91945,              0.0014456,              0.0014456,              0.0014456
                     59,                 0.8498,                0.50363,                 1.0294,                0.97333,                0.93939,                0.98257,                0.87357,                0.48772,                0.34912,                0.92174,              0.0014357,              0.0014357,              0.0014357
                     60,                0.86572,                 0.5171,                 1.0378,                0.89543,                0.83333,                0.92293,                0.75366,                0.57254,                0.53857,                 1.0129,              0.0014258,              0.0014258,              0.0014258
                     61,                0.83712,                 0.5122,                 1.0239,                0.96467,                0.93939,                0.98446,                0.86504,                0.48268,                0.37299,                0.90069,              0.0014159,              0.0014159,              0.0014159
                     62,                0.80068,                0.48051,                 1.0146,                0.96956,                0.96539,                0.98409,                0.87857,                0.47115,                0.35136,                0.88199,               0.001406,               0.001406,               0.001406
                     63,                0.83277,                0.50133,                 1.0261,                0.96913,                0.95125,                0.98637,                0.87076,                   0.51,                 0.4063,                0.90897,              0.0013961,              0.0013961,              0.0013961
                     64,                  0.822,                0.49094,                 1.0214,                0.96766,                 0.9697,                 0.9908,                0.88137,                0.51217,                0.37701,                0.89306,              0.0013862,              0.0013862,              0.0013862
                     65,                0.79529,                0.48463,                   1.01,                      1,                0.98272,                0.99295,                 0.8867,                0.51538,                0.34883,                0.91685,              0.0013763,              0.0013763,              0.0013763
                     66,                 0.7948,                0.47925,                 1.0192,                0.90408,                0.71411,                 0.8572,                0.66258,                0.67842,                0.66165,                 1.0872,              0.0013664,              0.0013664,              0.0013664
                     67,                0.77788,                 0.4714,                 1.0124,                0.95241,                0.95455,                0.98082,                0.86055,                0.52369,                0.38321,                0.90991,              0.0013565,              0.0013565,              0.0013565
                     68,                0.81623,                0.47438,                 1.0062,                 0.9691,                0.95038,                0.98764,                0.86388,                0.49689,                0.37628,                0.90071,              0.0013466,              0.0013466,              0.0013466
                     69,                0.80793,                0.47217,                 1.0067,                0.96868,                0.93741,                0.97691,                0.86788,                0.48118,                0.40921,                0.89502,              0.0013367,              0.0013367,              0.0013367
                     70,                  0.802,                0.47633,                 1.0063,                 0.9753,                 0.9697,                0.98997,                0.87986,                0.46766,                0.37143,                0.89735,              0.0013268,              0.0013268,              0.0013268
                     71,                0.80151,                 0.4752,                 1.0159,                0.87161,                0.81818,                0.91087,                0.77468,                 0.5743,                 0.5731,                0.98337,              0.0013169,              0.0013169,              0.0013169
                     72,                0.78589,                0.46969,                 1.0077,                0.93839,                0.92313,                0.97325,                0.85154,                0.55893,                0.42979,                0.95187,               0.001307,               0.001307,               0.001307
                     73,                0.79149,                0.46663,                 1.0052,                 0.8914,                0.87062,                 0.9535,                0.83223,                0.54978,                0.44255,                0.94136,              0.0012971,              0.0012971,              0.0012971
                     74,                0.77908,                0.46697,                0.99607,                0.96525,                0.93939,                0.97535,                0.84371,                0.53761,                0.41263,                0.92486,              0.0012872,              0.0012872,              0.0012872
                     75,                0.75965,                0.44391,                0.99392,                 0.9832,                0.92424,                0.98076,                0.86133,                0.50206,                0.42992,                0.92053,              0.0012773,              0.0012773,              0.0012773
                     76,                0.74738,                0.44831,                0.98299,                 0.9518,                0.95455,                0.98269,                0.86589,                0.53317,                0.43492,                0.92176,              0.0012674,              0.0012674,              0.0012674
                     77,                0.79729,                0.46529,                 0.9971,                0.98904,                0.89394,                0.97657,                0.84239,                0.52602,                0.42429,                0.93395,              0.0012575,              0.0012575,              0.0012575
                     78,                0.76554,                0.45892,                 1.0036,                0.94088,                0.84848,                 0.9557,                 0.7912,                0.59192,                0.55856,                0.96769,              0.0012476,              0.0012476,              0.0012476
                     79,                0.77921,                0.45405,                  1.007,                0.95224,                0.90627,                0.96929,                0.83532,                0.54483,                 0.4703,                0.93669,              0.0012377,              0.0012377,              0.0012377
                     80,                 0.7702,                0.44825,                0.99632,                0.92433,                0.93939,                0.97088,                0.85484,                0.50846,                0.38651,                0.90014,              0.0012278,              0.0012278,              0.0012278
                     81,                0.76364,                0.46187,                0.99748,                 0.9701,                0.98326,                0.98504,                0.90502,                0.44456,                0.34982,                0.87676,              0.0012179,              0.0012179,              0.0012179
                     82,                0.74306,                0.44301,                0.98465,                0.95537,                0.97311,                0.98986,                0.90178,                0.44141,                0.34022,                0.87777,               0.001208,               0.001208,               0.001208
                     83,                 0.7476,                0.44435,                0.98763,                0.92561,                 0.9697,                0.98702,                0.88632,                0.48136,                0.38643,                0.90703,              0.0011981,              0.0011981,              0.0011981
                     84,                0.73828,                 0.4346,                0.97878,                 0.9224,                0.90057,                0.96177,                0.83927,                0.52173,                0.44067,                0.92782,              0.0011882,              0.0011882,              0.0011882
                     85,                0.74833,                0.43795,                0.97965,                0.93112,                0.93939,                0.97101,                0.84053,                0.52918,                0.40257,                 0.9317,              0.0011783,              0.0011783,              0.0011783
                     86,                0.71593,                0.42709,                0.96426,                0.94191,                0.98281,                0.98917,                0.88028,                0.48186,                0.30933,                0.88428,              0.0011684,              0.0011684,              0.0011684
                     87,                0.71777,                  0.427,                0.98114,                0.87044,                0.77273,                0.87135,                0.70849,                0.65287,                0.53021,                 1.1214,              0.0011585,              0.0011585,              0.0011585
                     88,                0.73716,                0.44914,                0.97684,                0.95228,                 0.9697,                0.98759,                0.87213,                0.47296,                0.35314,                0.88126,              0.0011486,              0.0011486,              0.0011486
                     89,                0.73872,                0.43895,                0.97595,                0.96591,                0.95455,                0.98468,                 0.8809,                 0.4908,                0.33507,                0.89021,              0.0011387,              0.0011387,              0.0011387
                     90,                 0.7307,                0.41943,                0.96814,                0.98456,                 0.9665,                0.98958,                0.87819,                0.46961,                0.29732,                0.88206,              0.0011288,              0.0011288,              0.0011288
                     91,                0.70117,                0.40312,                0.97061,                 0.9494,                0.95455,                0.98677,                0.88273,                0.49089,                0.37975,                0.88974,              0.0011189,              0.0011189,              0.0011189
                     92,                0.70616,                0.41674,                0.96676,                0.93934,                0.93846,                0.96769,                0.86988,                0.51127,                0.56881,                0.92127,               0.001109,               0.001109,               0.001109
                     93,                0.72727,                0.42896,                0.97371,                 0.9756,                0.89394,                0.97052,                0.86345,                0.50452,                0.44919,                0.91476,              0.0010991,              0.0010991,              0.0010991
                     94,                0.70013,                0.41838,                0.96055,                0.98321,                0.88746,                0.97862,                0.84415,                0.50439,                0.42612,                0.92393,              0.0010892,              0.0010892,              0.0010892
                     95,                0.68945,                0.41161,                0.97018,                0.95517,                0.96846,                0.98662,                0.86925,                0.48121,                0.36051,                0.87949,              0.0010793,              0.0010793,              0.0010793
                     96,                0.72841,                0.42483,                0.96456,                0.93926,                 0.9372,                0.97962,                0.86111,                 0.5335,                 0.4306,                0.91132,              0.0010694,              0.0010694,              0.0010694
                     97,                0.73835,                0.42717,                0.97814,                      1,                0.95111,                0.98784,                0.87787,                0.49024,                0.35986,                0.90171,              0.0010595,              0.0010595,              0.0010595
                     98,                0.69425,                0.41211,                0.97103,                0.95246,                0.91063,                0.97717,                0.87214,                0.55482,                0.40537,                0.93207,              0.0010496,              0.0010496,              0.0010496
                     99,                0.69685,                0.41531,                0.97313,                0.96687,                 0.9697,                0.98924,                0.89518,                0.49883,                0.34337,                0.90179,              0.0010397,              0.0010397,              0.0010397
                    100,                0.68415,                0.41391,                0.95971,                0.92516,                0.93659,                0.96954,                0.85753,                 0.5066,                0.37264,                 0.8935,              0.0010298,              0.0010298,              0.0010298
                    101,                0.67734,                0.39641,                0.95749,                0.96773,                0.90868,                0.97967,                0.88906,                 0.4907,                0.37165,                0.89584,              0.0010199,              0.0010199,              0.0010199
                    102,                0.67649,                0.41108,                0.95409,                0.96865,                 0.9364,                0.98136,                0.88172,                0.46926,                0.36604,                0.89783,                0.00101,                0.00101,                0.00101
                    103,                0.65405,                 0.3996,                0.94957,                0.92424,                0.95455,                0.98087,                0.88093,                0.49353,                0.36448,                0.89004,              0.0010001,              0.0010001,              0.0010001
                    104,                0.71192,                0.41628,                0.95361,                0.92834,                0.95455,                0.96779,                0.84054,                0.52778,                0.37733,                0.91728,              0.0009902,              0.0009902,              0.0009902
                    105,                0.65938,                  0.392,                0.95196,                0.94974,                0.93939,                  0.986,                0.89406,                0.47818,                0.42149,                0.89053,              0.0009803,              0.0009803,              0.0009803
                    106,                0.67143,                0.40007,                0.95493,                0.94154,                0.98485,                0.98326,                0.88516,                0.45948,                0.34164,                0.88762,              0.0009704,              0.0009704,              0.0009704
                    107,                0.65559,                0.38236,                0.93757,                0.97401,                 0.9697,                0.98353,                0.86635,                 0.4699,                0.32242,                0.89641,              0.0009605,              0.0009605,              0.0009605
                    108,                0.65136,                0.38454,                0.95061,                0.95078,                0.93939,                0.98327,                0.87996,                0.46685,                0.34753,                0.87742,              0.0009506,              0.0009506,              0.0009506
                    109,                0.66088,                0.39394,                 0.9429,                0.96804,                 0.9697,                0.99267,                0.89823,                0.45856,                 0.3474,                 0.8758,              0.0009407,              0.0009407,              0.0009407
                    110,                0.67138,                0.38752,                0.94903,                0.96797,                0.95455,                0.97815,                0.86607,                0.47107,                0.40365,                0.90043,              0.0009308,              0.0009308,              0.0009308
                    111,                0.64999,                0.38572,                0.95107,                0.92505,                  0.935,                0.95349,                0.84419,                0.47991,                0.43657,                  0.913,              0.0009209,              0.0009209,              0.0009209
                    112,                 0.6629,                 0.3961,                0.94875,                0.93947,                0.98485,                0.98431,                0.88168,                0.46713,                0.32133,                0.87555,               0.000911,               0.000911,               0.000911
                    113,                0.62763,                0.36802,                0.94104,                0.98454,                0.96485,                0.98354,                0.88632,                0.47357,                0.31439,                0.89491,              0.0009011,              0.0009011,              0.0009011
                    114,                0.65935,                0.38976,                0.94541,                0.95541,                0.89394,                0.97934,                0.89301,                0.47493,                0.31573,                0.87645,              0.0008912,              0.0008912,              0.0008912
                    115,                 0.6553,                0.37997,                0.93944,                0.96799,                0.91657,                0.98117,                0.88143,                 0.4944,                 0.4146,                0.89907,              0.0008813,              0.0008813,              0.0008813
                    116,                0.62127,                0.36857,                0.93686,                0.94026,                0.92424,                0.97385,                0.87238,                0.52306,                0.44659,                0.91861,              0.0008714,              0.0008714,              0.0008714
                    117,                0.62735,                0.37487,                0.93264,                0.95338,                 0.9697,                0.98817,                0.89692,                0.49564,                0.39403,                0.91645,              0.0008615,              0.0008615,              0.0008615
                    118,                0.63832,                0.37404,                0.93421,                0.94093,                0.96541,                0.98785,                0.88672,                0.51437,                0.40595,                0.91611,              0.0008516,              0.0008516,              0.0008516
                    119,                0.62594,                0.36073,                0.93314,                0.97354,                0.93939,                0.98439,                0.88007,                0.51998,                0.39231,                0.90811,              0.0008417,              0.0008417,              0.0008417
                    120,                 0.6392,                0.36318,                 0.9341,                0.99511,                0.92424,                0.98051,                0.89708,                0.47401,                0.33695,                0.87165,              0.0008318,              0.0008318,              0.0008318
                    121,                0.61383,                0.36841,                0.93036,                0.99727,                0.93939,                0.98397,                 0.8941,                0.49122,                0.32854,                0.88494,              0.0008219,              0.0008219,              0.0008219
                    122,                0.60772,                0.36975,                0.92787,                0.98714,                0.90909,                0.97944,                 0.8924,                0.47228,                0.34652,                0.88596,               0.000812,               0.000812,               0.000812
                    123,                 0.6236,                0.36765,                0.92783,                0.98437,                0.95446,                0.97075,                0.86624,                0.46808,                 0.3061,                0.89573,              0.0008021,              0.0008021,              0.0008021
                    124,                0.61433,                0.36107,                0.93152,                0.95272,                0.92424,                0.97641,                0.89557,                0.45389,                0.41881,                0.86741,              0.0007922,              0.0007922,              0.0007922
                    125,                0.59734,                0.35969,                0.94009,                 0.9371,                0.90293,                0.93925,                0.80517,                0.59828,                0.44888,                0.98521,              0.0007823,              0.0007823,              0.0007823
                    126,                0.62094,                0.37449,                0.93768,                0.98437,                0.95397,                0.98451,                0.88285,                0.48026,                0.34192,                0.87002,              0.0007724,              0.0007724,              0.0007724
                    127,                0.62747,                 0.3804,                0.93627,                0.95431,                0.94952,                0.98648,                0.88613,                0.49355,                0.40122,                0.89382,              0.0007625,              0.0007625,              0.0007625
                    128,                0.58093,                0.35326,                0.92709,                0.94119,                0.98485,                0.99066,                0.91275,                0.44511,                0.29134,                0.86334,              0.0007526,              0.0007526,              0.0007526
                    129,                0.60246,                0.35949,                0.93293,                0.95366,                 0.9697,                0.98092,                0.88242,                0.48042,                0.31366,                0.88586,              0.0007427,              0.0007427,              0.0007427
                    130,                0.60737,                0.36954,                0.92641,                0.95305,                 0.9697,                0.97262,                0.87873,                0.47051,                0.34345,                0.87452,              0.0007328,              0.0007328,              0.0007328
                    131,                0.60051,                0.36557,                0.93434,                 0.9787,                0.93939,                0.97957,                0.89151,                0.45279,                0.35698,                0.87046,              0.0007229,              0.0007229,              0.0007229
                    132,                0.59479,                 0.3466,                0.92417,                0.99849,                0.95455,                0.98606,                0.91331,                0.45392,                0.31861,                0.87154,               0.000713,               0.000713,               0.000713
                    133,                0.59855,                0.35722,                0.91895,                0.99417,                0.95455,                0.98994,                0.89735,                0.46918,                0.31443,                0.87985,              0.0007031,              0.0007031,              0.0007031
                    134,                0.57442,                0.35356,                0.91926,                0.92369,                 0.9697,                0.98538,                0.89475,                0.44464,                0.37387,                 0.8695,              0.0006932,              0.0006932,              0.0006932
                    135,                0.57313,                0.35367,                0.91813,                0.94492,                0.93939,                0.98473,                0.88306,                0.50362,                0.41115,                0.92173,              0.0006833,              0.0006833,              0.0006833
                    136,                0.59245,                0.35779,                0.91627,                0.95415,                0.94598,                0.98263,                0.88529,                0.49274,                0.36913,                0.90368,              0.0006734,              0.0006734,              0.0006734
                    137,                0.57027,                0.34114,                0.92164,                0.97122,                0.95455,                0.97177,                0.88762,                0.47967,                0.38283,                0.89524,              0.0006635,              0.0006635,              0.0006635
                    138,                0.58793,                0.35078,                0.91529,                0.94967,                0.95455,                0.97879,                0.88044,                0.48443,                0.38713,                0.90262,              0.0006536,              0.0006536,              0.0006536
                    139,                 0.5773,                0.34739,                0.92088,                 0.9255,                 0.9697,                0.98078,                0.87665,                0.45138,                0.33893,                0.87265,              0.0006437,              0.0006437,              0.0006437
                    140,                0.59028,                0.34793,                0.91941,                0.96903,                0.94808,                0.98411,                0.89409,                0.47164,                0.31409,                0.87922,              0.0006338,              0.0006338,              0.0006338
                    141,                 0.5687,                0.34754,                0.91189,                0.95313,                0.95455,                0.98304,                0.90964,                0.44198,                0.37945,                0.86423,              0.0006239,              0.0006239,              0.0006239
                    142,                0.55872,                0.33444,                0.91051,                0.97469,                0.95455,                 0.9771,                0.89294,                0.45682,                0.39874,                0.86754,               0.000614,               0.000614,               0.000614
                    143,                0.56518,                0.33993,                0.91156,                0.96285,                0.95455,                0.98322,                0.89961,                0.44473,                0.32645,                0.86441,              0.0006041,              0.0006041,              0.0006041
                    144,                0.54866,                0.33585,                0.91753,                0.95432,                0.94976,                0.96679,                0.88844,                0.45548,                0.36253,                0.88157,              0.0005942,              0.0005942,              0.0005942
                    145,                 0.5493,                0.33709,                 0.9135,                0.94027,                0.95407,                0.97503,                0.89704,                0.51926,                0.37017,                0.92167,              0.0005843,              0.0005843,              0.0005843
                    146,                0.56903,                0.33935,                0.92273,                0.93996,                 0.9697,                0.98205,                0.90384,                0.47285,                0.37062,                0.87236,              0.0005744,              0.0005744,              0.0005744
                    147,                0.56485,                 0.3351,                0.92229,                0.96041,                0.92424,                0.96831,                0.87832,                0.45786,                  0.357,                0.86888,              0.0005645,              0.0005645,              0.0005645
                    148,                0.55867,                0.34018,                0.90655,                 0.9395,                0.95455,                0.97012,                0.90164,                 0.4371,                0.36712,                0.85725,              0.0005546,              0.0005546,              0.0005546
                    149,                0.54278,                0.33395,                0.90665,                0.94041,                 0.9697,                0.96766,                   0.88,                 0.4956,                0.43586,                0.90459,              0.0005447,              0.0005447,              0.0005447
                    150,                0.57027,                0.34033,                0.91283,                0.94097,                0.96614,                0.97606,                0.90581,                0.53022,                 0.3313,                0.98319,              0.0005348,              0.0005348,              0.0005348
                    151,                0.54276,                  0.324,                 0.9077,                0.92839,                0.98219,                 0.9729,                0.89963,                0.44824,                0.36004,                0.86277,              0.0005249,              0.0005249,              0.0005249
                    152,                0.54155,                0.32734,                0.89718,                0.94075,                 0.9697,                 0.9758,                0.89883,                0.44129,                0.35096,                0.86999,               0.000515,               0.000515,               0.000515
                    153,                0.53938,                0.33163,                0.90148,                0.96091,                0.95455,                0.97864,                0.90241,                0.43013,                0.36439,                0.86479,              0.0005051,              0.0005051,              0.0005051
                    154,                0.53811,                0.32426,                0.90337,                0.96199,                0.95455,                0.97839,                0.89156,                0.43421,                0.35507,                0.86316,              0.0004952,              0.0004952,              0.0004952
                    155,                0.52766,                0.31399,                0.90094,                0.95961,                 0.9697,                0.98494,                0.91966,                0.44688,                0.31042,                0.86037,              0.0004853,              0.0004853,              0.0004853
                    156,                0.52563,                 0.3126,                0.89658,                0.94117,                0.96961,                0.98011,                 0.8995,                0.45644,                0.33852,                0.86859,              0.0004754,              0.0004754,              0.0004754
                    157,                0.50745,                0.31318,                0.89357,                0.94263,                 0.9697,                0.97823,                0.90328,                0.44505,                0.35362,                0.86853,              0.0004655,              0.0004655,              0.0004655
                    158,                0.52513,                0.32047,                0.88886,                0.95437,                 0.9697,                0.99162,                0.90315,                0.42461,                0.28942,                0.86613,              0.0004556,              0.0004556,              0.0004556
                    159,                0.54194,                0.32659,                 0.8937,                0.98445,                0.95954,                0.98429,                 0.9123,                0.43653,                0.30804,                0.87911,              0.0004457,              0.0004457,              0.0004457
                    160,                0.53467,                0.33014,                0.90239,                0.96807,                0.95455,                0.98435,                0.90701,                0.45062,                0.29137,                0.87997,              0.0004358,              0.0004358,              0.0004358
                    161,                0.51711,                0.31234,                0.89945,                0.94235,                0.95455,                0.97949,                0.88497,                0.44592,                0.37338,                0.87815,              0.0004259,              0.0004259,              0.0004259
                    162,                0.52466,                0.31266,                0.89436,                0.94857,                0.95455,                0.97431,                0.89757,                0.45251,                0.37479,                0.87615,               0.000416,               0.000416,               0.000416
                    163,                0.52395,                0.31297,                0.89577,                0.93984,                0.95455,                0.97581,                0.89115,                0.47612,                0.41886,                0.89763,              0.0004061,              0.0004061,              0.0004061
                    164,                0.52502,                0.32227,                0.90175,                 0.9542,                0.94708,                0.98218,                0.90776,                0.47445,                0.36309,                0.87906,              0.0003962,              0.0003962,              0.0003962
                    165,                0.50951,                0.30629,                0.88938,                0.95453,                0.95429,                0.96865,                0.88595,                0.47884,                0.42945,                0.88674,              0.0003863,              0.0003863,              0.0003863
                    166,                0.52402,                0.31893,                0.90731,                 0.9842,                0.94403,                0.97128,                0.88979,                0.47936,                0.35254,                0.88565,              0.0003764,              0.0003764,              0.0003764
                    167,                0.52738,                0.32018,                0.89392,                0.96612,                0.95455,                0.97497,                0.90923,                0.44777,                 0.3455,                0.86131,              0.0003665,              0.0003665,              0.0003665
                    168,                0.50319,                0.30569,                0.89397,                0.96495,                0.95455,                0.98545,                0.91754,                0.45709,                0.32935,                0.85711,              0.0003566,              0.0003566,              0.0003566
                    169,                0.50859,                0.30875,                0.89621,                0.91525,                0.98182,                0.98588,                0.92438,                0.43416,                0.32748,                0.85198,              0.0003467,              0.0003467,              0.0003467
                    170,                0.49928,                 0.3081,                0.89086,                0.94545,                0.95455,                0.98227,                0.90618,                0.44259,                0.34797,                0.85346,              0.0003368,              0.0003368,              0.0003368
                    171,                0.49837,                0.30286,                0.89154,                0.94863,                0.95455,                0.98269,                0.90417,                0.44524,                0.36011,                0.85548,              0.0003269,              0.0003269,              0.0003269
                    172,                0.51742,                0.30643,                0.88665,                0.96917,                0.95269,                0.98234,                0.90704,                  0.449,                0.39288,                0.86675,               0.000317,               0.000317,               0.000317
                    173,                0.48872,                0.30668,                0.88491,                0.96867,                0.95455,                0.98681,                0.91185,                0.45458,                0.34194,                0.86416,              0.0003071,              0.0003071,              0.0003071
                    174,                0.50315,                 0.2997,                0.89238,                0.98853,                0.95455,                0.99046,                0.91026,                0.44936,                0.29948,                0.86354,              0.0002972,              0.0002972,              0.0002972
                    175,                0.50184,                0.30482,                 0.8955,                0.98211,                0.95455,                0.98836,                0.90239,                0.44907,                 0.3215,                0.87187,              0.0002873,              0.0002873,              0.0002873
                    176,                0.47255,                0.29581,                0.89209,                0.97199,                0.95455,                0.99047,                0.92039,                0.44439,                0.31085,                 0.8648,              0.0002774,              0.0002774,              0.0002774
                    177,                0.48716,                0.29914,                0.88731,                0.96885,                0.94266,                0.98688,                0.91019,                0.44281,                0.31441,                0.86904,              0.0002675,              0.0002675,              0.0002675
                    178,                  0.478,                 0.2934,                0.88937,                0.95178,                0.95455,                0.98436,                0.91475,                0.42843,                 0.3058,                0.85935,              0.0002576,              0.0002576,              0.0002576
                    179,                0.48853,                0.29857,                0.89074,                0.95673,                0.95455,                0.98551,                0.91859,                0.41583,                0.27526,                0.85275,              0.0002477,              0.0002477,              0.0002477
                    180,                0.49385,                0.29674,                0.89074,                 0.9762,                0.93939,                0.98286,                0.91733,                0.42186,                0.31257,                0.85959,              0.0002378,              0.0002378,              0.0002378
                    181,                0.46731,                0.28759,                0.88023,                0.96092,                0.93939,                0.98082,                 0.9156,                0.41548,                0.34287,                0.85907,              0.0002279,              0.0002279,              0.0002279
                    182,                0.49179,                0.29325,                0.88269,                0.95062,                0.95455,                0.98462,                0.91207,                0.42512,                0.34482,                0.85816,               0.000218,               0.000218,               0.000218
                    183,                 0.4627,                0.28258,                0.88342,                0.96566,                0.95455,                0.98413,                0.91607,                0.44181,                0.33061,                0.86687,              0.0002081,              0.0002081,              0.0002081
                    184,                0.47038,                0.28998,                0.87929,                0.97261,                0.93939,                0.98588,                0.91761,                0.44805,                0.31543,                0.86934,              0.0001982,              0.0001982,              0.0001982
                    185,                0.45474,                0.28494,                0.87996,                0.96911,                0.95073,                0.98482,                0.91834,                0.43857,                0.31936,                0.87116,              0.0001883,              0.0001883,              0.0001883
                    186,                0.47762,                0.29537,                0.88785,                0.95766,                0.93939,                0.98313,                0.91821,                0.43107,                0.34694,                0.87004,              0.0001784,              0.0001784,              0.0001784
                    187,                 0.4701,                0.29331,                0.88498,                0.95789,                0.95455,                0.98375,                0.92165,                0.43359,                0.35424,                0.86855,              0.0001685,              0.0001685,              0.0001685
                    188,                0.47146,                0.29146,                0.88435,                0.95591,                0.95455,                0.98254,                0.91193,                0.44066,                0.40467,                0.87779,              0.0001586,              0.0001586,              0.0001586
                    189,                0.47351,                0.28777,                0.88099,                0.95659,                0.95455,                0.98465,                0.91402,                0.42509,                0.36699,                0.86538,              0.0001487,              0.0001487,              0.0001487
                    190,                0.45899,                0.28116,                0.88006,                0.95285,                0.95455,                0.98464,                0.91234,                0.42874,                0.36274,                0.86518,              0.0001388,              0.0001388,              0.0001388
